{
    "基础类":{
		"道行":80,
		"潜能":80
	},
    "数值类":{
	    "【掉落A】":{
		"几率掉落":100,
		"积分":50
		},
		"【掉落B】":{
		"几率掉落":0,
		"抽奖":1
		},
		"【掉落C】":{
		"几率掉落":0,
		"阴德":1
		},
		"【掉落D】":{
		"几率掉落":0,
		"金元宝":1,
		"银元宝":1
		}
	},
    "首饰类":{
		"【掉落A】":{
		"几率掉落":0,
		"35级":1
		},
		"【掉落B】":{
		"几率掉落":0,
		"50级":1
		},
		"【掉落C】":{
		"几率掉落":0,
		"60级":1
		},
		"【掉落D】":{
		"几率掉落":0,
		"70级":1
		}
	},
    "道具类":{
		"【掉落A】":{
		"几率掉落":0,
		"宠物顿悟丹":1
		},
		"【掉落B】":{
		"几率掉落":0,
		"特级藏宝图":1
		},
		"【掉落C】":{
		"几率掉落":0,
		"超级女娲石":1
		},
		"【掉落D】":{
		"几率掉落":0,
		"藏宝箱":1
		}
	},
	"装备类":{
	    "【掉落A】":{
		"几率掉落":0,
		"未鉴定":1
		},
        "【掉落B】":{
		"几率掉落":0,
		"满属性":1
		},
		"【掉落C】":{
		"几率掉落":0,
		"不满属性":1
		}
	},	
	"宠物类":{
		"几率掉落":0,
		"百年黑熊":1
	},
	"法宝类":{
	    "【掉落A】":{
		"几率掉落":0,
		"随机法宝":1
		},
		"【掉落B】":{
		"几率掉落":0,
		"指定法宝":"混元金斗",
		"指定等级":1,
		"指定相性":5
		}
	},
	"魂器类":{
	    "【掉落A】":{
		"几率掉落":50,
		"随机魂器":1
		},
		"【掉落B】":{
		"几率掉落":0,
		"指定魂器":"魂器·魂灯"
		}
	}
    
}